{"cameraMode":{"drawMode":0,"name":"Shaded","section":"Shading Mode"},"sceneLighting":true,"audioPlay":false,"sceneViewState":{"showFog":true,"showMaterialUpdate":false,"showSkybox":true,"showFlares":true,"showImageEffects":true,"showParticleSystems":true},"in2DMode":false,"pivot":{"x":-0.1450517177581787,"y":-0.5813466310501099,"z":-0.8110340237617493},"rotation":{"x":-0.13786275684833527,"y":0.7381086945533752,"z":-0.1587202250957489,"w":-0.6411237716674805},"size":4.101729393005371,"orthographic":false}